,idx,ex_num,bar_num,g_num,RE,true
1,11,67,4,4,0,2
2,13,67,3,3,0,1
3,9,67,7,2,2.2000000000000113,0
4,12,67,3,3,0,1
5,20,67,7,2,0.4000000000000114,0
6,2,67,10,7,0.0,3
7,6,67,9,8,0,2
8,1,67,5,1,3401.0,3
9,19,67,6,3,1.0,0
10,17,67,8,1,99.0,3
11,16,67,10,2,69.71428571428577,1
12,8,67,5,5,0,2
13,7,67,10,3,5.0972222222222205,0
14,10,67,6,3,0.25,0
15,5,67,10,3,0.7222222222222254,2
16,18,67,5,5,0,0
17,15,67,10,3,0.6,0
18,14,67,9,4,0.22222222222222066,2
19,4,67,10,4,7.399999999999992,3
20,3,67,3,2,0,0
