,idx,ex_num,bar_num,g_num,RE,true
1,19,88,9,3,1.555555555555559,2
2,15,88,4,2,0.0,2
3,10,88,10,4,0.805555555555554,1
4,5,88,3,2,0.0,1
5,2,88,3,3,0.0,1
6,18,88,8,8,0.0,1
7,14,88,6,4,0.0,1
8,4,88,6,2,29.5,0
9,3,88,9,3,0.03249999999999915,1
10,8,88,10,10,0.0,1
11,17,88,10,9,0.0,0
12,16,88,8,2,48.79999999999999,0
13,12,88,4,2,0.0,3
14,20,88,8,3,0.5,3
15,9,88,4,3,0.0,0
16,1,88,8,8,0.0,2
17,6,88,6,4,0.0,1
18,11,88,3,1,100.0,1
19,7,88,10,7,0.0,1
20,13,88,10,8,0.0,2
