,idx,ex_num,bar_num,g_num,RE,true
1,6,66,10,9,0,0
2,7,66,8,4,0.25,1
3,4,66,10,3,66.52777777777781,2
4,12,66,8,7,0,1
5,1,66,5,5,0,3
6,11,66,4,3,0,1
7,18,66,7,7,0,3
8,19,66,3,3,0,0
9,20,66,4,4,0,1
10,17,66,10,3,0.4444444444444318,3
11,2,66,7,2,26.800000000000004,1
12,9,66,7,2,2.2000000000000113,3
13,13,66,10,10,0,2
14,16,66,6,6,0,2
15,5,66,5,4,0.0,3
16,15,66,6,5,0,3
17,8,66,10,3,5.0972222222222205,1
18,14,66,4,2,0,0
19,10,66,5,5,0,0
20,3,66,4,3,0,1
