,idx,ex_num,bar_num,g_num,RE,true
1,2,16,7,1,341.1111111111114,1
2,20,16,7,2,0.4000000000000114,1
3,18,16,4,2,0.0,3
4,17,16,8,3,0.2222222222222159,2
5,6,16,4,4,0.0,0
6,3,16,7,7,0.0,2
7,13,16,3,2,0.0,3
8,9,16,3,2,0.0,2
9,15,16,10,9,0.0,1
10,5,16,9,3,0.75,0
11,11,16,4,3,0.0,0
12,7,16,3,2,0.0,2
13,1,16,4,3,0.0,1
14,8,16,7,6,0.0,1
15,4,16,7,6,0.0,3
16,14,16,5,3,0.0,0
17,10,16,5,2,0.22222222222222537,2
18,19,16,7,1,39.75,3
19,16,16,8,3,48.79999999999999,3
20,12,16,9,7,0.0,1
