,idx,ex_num,bar_num,g_num,RE,true
1,20,15,6,2,0.5,2
2,5,15,4,4,0.0,3
3,18,15,8,4,0.5555555555555587,0
4,9,15,3,1,20.25,1
5,8,15,8,8,0.0,0
6,10,15,9,4,0.5,3
7,12,15,8,8,0.0,0
8,14,15,9,4,0.375,3
9,16,15,5,3,12.25,0
10,3,15,7,7,0.0,0
11,11,15,8,4,0.5,2
12,13,15,8,4,0.8888888888888826,1
13,19,15,3,3,0.0,0
14,4,15,5,3,0.0,1
15,15,15,10,10,0.0,0
16,6,15,8,8,0.0,2
17,2,15,9,4,3.375,3
18,17,15,5,2,0.25,0
19,1,15,10,8,0.0,2
20,7,15,7,2,4.000000000000005,2
