,idx,ex_num,bar_num,g_num,RE,true
1,13,72,7,1,187.19444444444446,2
2,5,72,9,2,1.142857142857145,0
3,9,72,7,1,143.0,2
4,8,72,3,2,0.0,2
5,1,72,10,3,53.75,0
6,14,72,5,1,8.375,3
7,2,72,7,3,13.888888888888896,1
8,7,72,3,2,0.0,2
9,4,72,5,3,0.0,2
10,19,72,10,8,0.0,0
11,20,72,6,1,17.99999999999998,1
12,16,72,5,5,0.0,2
13,11,72,9,3,10.75,0
14,15,72,10,2,3.027777777777777,0
15,17,72,7,4,0.0,3
16,10,72,6,6,0.0,1
17,18,72,6,4,0.0,0
18,12,72,4,4,0.0,2
19,6,72,8,4,0.25,3
20,3,72,10,7,0.002499999999999716,0
