,idx,ex_num,bar_num,g_num,RE,true
1,9,44,8,6,0,0
2,15,44,10,6,0.0,3
3,16,44,7,6,0,2
4,11,44,9,4,2.25,3
5,3,44,10,6,0.002499999999999716,1
6,13,44,5,4,0,0
7,8,44,6,6,0,1
8,10,44,8,6,0,0
9,12,44,4,2,0,3
10,2,44,6,6,0,2
11,20,44,8,6,0,0
12,1,44,3,3,0,2
13,5,44,4,1,8.222222222222193,0
14,19,44,8,2,5.5,1
15,7,44,5,3,0.0,3
16,6,44,7,1,175.86111111111097,2
17,4,44,4,2,4.0,1
18,18,44,7,3,0.25,0
19,17,44,7,6,0,3
20,14,44,7,7,0,2
