,idx,ex_num,bar_num,g_num,RE,true
1,6,83,6,4,0,1
2,10,83,7,2,2.0,1
3,9,83,3,1,20.25,2
4,8,83,7,4,0,0
5,20,83,9,6,0,2
6,14,83,3,1,0.25,1
7,7,83,5,1,162.875,0
8,2,83,9,5,0.0,2
9,17,83,9,1,117.6875,2
10,18,83,8,6,0.0,1
11,12,83,10,5,0.4722222222222218,0
12,4,83,4,4,0,0
13,11,83,3,2,0,1
14,19,83,10,9,0.0,1
15,1,83,4,1,2156.555555555556,3
16,13,83,10,2,3.25,2
17,5,83,7,2,0.9999999999999942,0
18,3,83,6,1,0.22799999999999865,3
19,15,83,6,5,0,0
20,16,83,9,9,0,2
