,idx,ex_num,bar_num,g_num,RE,true
1,1,85,4,4,0,3
2,2,85,9,9,0,1
3,3,85,6,2,0.024999999999999287,3
4,15,85,8,2,2.6,2
5,5,85,3,1,2.25,0
6,12,85,7,7,0,2
7,9,85,4,4,0,3
8,18,85,9,9,0,1
9,17,85,6,2,0.2222222222222159,3
10,19,85,8,2,5.5,0
11,10,85,4,2,0,3
12,6,85,8,6,0.25,0
13,14,85,9,2,0.777777777777777,2
14,13,85,10,9,0,1
15,16,85,5,3,12.25,1
16,8,85,7,2,4.000000000000005,3
17,20,85,7,1,19.19444444444443,0
18,11,85,7,3,2.888888888888886,3
19,4,85,5,3,0,2
20,7,85,4,2,0.0,3
