,idx,ex_num,bar_num,g_num,RE,true
1,3,35,3,1,0.022499999999999572,3
2,4,35,7,5,0.0,1
3,2,35,10,5,1.0,3
4,17,35,7,5,0.0,2
5,12,35,9,4,0.5,3
6,8,35,5,5,0.0,0
7,14,35,4,3,0.0,0
8,6,35,5,3,0.0,0
9,13,35,7,4,1.0,1
10,9,35,5,5,0.0,0
11,1,35,4,3,0.0,0
12,10,35,9,1,23.1875,2
13,15,35,10,10,0.0,3
14,7,35,4,4,0.0,2
15,16,35,7,6,0.0,2
16,20,35,4,3,0.0,1
17,19,35,4,2,1.0,2
18,5,35,6,5,0.0,0
19,11,35,5,1,453.375,3
20,18,35,6,2,2.222222222222216,1
