,idx,ex_num,bar_num,g_num,RE,true
1,10,28,4,1,1.0,3
2,9,28,8,1,202.57142857142856,1
3,1,28,4,1,2156.555555555556,0
4,17,28,9,9,0.0,0
5,19,28,6,6,0.0,3
6,13,28,8,3,1.1388888888888826,1
7,2,28,6,3,6.25,1
8,12,28,5,4,0.0,0
9,15,28,8,4,0.0,1
10,14,28,5,2,0.0,0
11,20,28,8,6,0.0,2
12,7,28,10,7,0.0,2
13,16,28,6,3,27.22222222222223,2
14,11,28,10,7,0.25,2
15,3,28,8,3,0.024999999999999287,0
16,8,28,5,3,0.0,2
17,6,28,8,2,76.11111111111101,1
18,18,28,9,8,0.0,2
19,5,28,8,3,0.5,2
20,4,28,10,2,340.1875,1
