,idx,ex_num,bar_num,g_num,RE,true
1,15,60,5,5,0,0
2,7,60,6,6,0,0
3,18,60,5,2,2.222222222222216,2
4,12,60,4,3,0,2
5,19,60,3,2,0,3
6,11,60,7,2,2.799999999999998,1
7,4,60,5,2,4.0,3
8,17,60,3,2,0,2
9,3,60,10,2,0.12027777777777737,1
10,2,60,6,3,6.25,1
11,1,60,10,8,0.0,0
12,6,60,4,4,0,2
13,14,60,5,2,0.0,3
14,16,60,8,2,48.79999999999999,3
15,13,60,5,3,0.25,0
16,8,60,6,6,0,0
17,9,60,5,2,2.0,2
18,5,60,4,2,0.25,1
19,20,60,7,5,0,2
20,10,60,3,1,1.0,2
