,idx,ex_num,bar_num,g_num,RE,true
1,4,34,5,5,0,0
2,3,34,7,3,0.009999999999999573,0
3,9,34,8,2,2.861111111111108,1
4,16,34,5,2,12.25,0
5,20,34,3,2,0,2
6,11,34,8,2,7.194444444444452,3
7,10,34,7,3,0.22222222222222537,1
8,19,34,7,5,0,3
9,13,34,5,1,95.375,0
10,5,34,6,3,0.555555555555554,1
11,14,34,10,8,0.0,3
12,2,34,4,3,0,3
13,6,34,7,3,10.0,1
14,7,34,9,2,9.444444444444454,3
15,15,34,9,5,0.0,1
16,18,34,4,3,0,1
17,8,34,6,3,0.0,0
18,1,34,4,3,0,3
19,12,34,10,1,328.7407407407409,3
20,17,34,3,2,0,3
