,idx,ex_num,bar_num,g_num,RE,true
1,10,80,5,2,0.22222222222222537,1
2,3,80,6,3,0.002499999999999716,1
3,16,80,9,6,0.0,0
4,2,80,8,6,0.0,2
5,8,80,5,4,0.0,0
6,11,80,9,8,0.0,3
7,5,80,6,3,0.555555555555554,1
8,4,80,9,1,15649.4375,2
9,19,80,9,2,6.055555555555559,3
10,17,80,7,2,2.375,0
11,1,80,5,5,0.0,0
12,15,80,3,2,0.0,1
13,7,80,5,5,0.0,1
14,20,80,3,2,0.0,1
15,6,80,5,4,0.0,0
16,12,80,8,5,0.25,0
17,14,80,3,2,0.0,0
18,18,80,9,9,0.0,0
19,13,80,7,1,187.19444444444446,2
20,9,80,8,8,0.0,2
