,idx,ex_num,bar_num,g_num,RE,true
1,8,2,8,8,0,2
2,7,2,3,2,0,3
3,18,2,7,7,0,1
4,9,2,10,9,0.0,2
5,20,2,9,9,0,1
6,16,2,9,7,0,1
7,14,2,3,2,0,0
8,1,2,4,3,0,1
9,4,2,8,1,12436.857142857145,1
10,10,2,9,5,0.25,3
11,15,2,9,8,0.0,1
12,5,2,4,4,0,1
13,11,2,3,3,0,1
14,13,2,7,3,1.25,1
15,17,2,4,4,0,2
16,6,2,3,3,0,1
17,12,2,7,3,9.0,1
18,19,2,8,3,1.0,0
19,3,2,9,3,0.03249999999999915,1
20,2,2,7,3,1.0,3
