,idx,ex_num,bar_num,g_num,RE,true
1,10,71,10,3,0.7777777777777795,2
2,6,71,6,1,75.79999999999997,2
3,3,71,5,5,0.0,2
4,8,71,8,8,0.0,1
5,7,71,5,3,0.0,3
6,20,71,10,4,0.75,1
7,12,71,10,7,0.25,2
8,18,71,5,1,66.0,3
9,19,71,8,6,0.0,1
10,15,71,3,1,2.25,2
11,2,71,10,6,0.0,1
12,16,71,5,3,12.25,0
13,4,71,10,9,0.0,2
14,13,71,8,2,4.861111111111108,3
15,14,71,6,1,9.399999999999999,0
16,5,71,9,5,0.0,2
17,9,71,10,6,0.25,3
18,1,71,5,3,0.0,3
19,17,71,5,2,0.25,1
20,11,71,8,8,0.0,2
