,idx,ex_num,bar_num,g_num,RE,true
1,13,73,9,8,0,3
2,14,73,8,8,0,2
3,12,73,4,4,0,2
4,3,73,7,4,0,0
5,18,73,3,2,0,1
6,1,73,8,3,42.875,1
7,11,73,8,8,0,1
8,19,73,4,4,0,2
9,20,73,7,4,0.25,0
10,7,73,3,2,0,3
11,15,73,10,1,17.00000000000001,0
12,2,73,7,3,13.888888888888896,0
13,10,73,5,4,0,2
14,5,73,4,2,0.25,3
15,8,73,8,6,0,3
16,6,73,5,3,0,2
17,16,73,5,1,239.375,2
18,17,73,10,4,0.2222222222222159,2
19,4,73,3,3,0,0
20,9,73,6,4,0.25,0
