,idx,ex_num,bar_num,g_num,RE,true
1,7,98,7,3,1.0,0
2,6,98,8,8,0.0,0
3,13,98,10,4,2.375,1
4,3,98,5,1,0.059999999999999575,1
5,15,98,10,5,0.0,2
6,4,98,4,1,3029.0,3
7,10,98,4,3,0.0,0
8,16,98,3,3,0.0,0
9,18,98,4,4,0.0,1
10,9,98,6,4,0.25,0
11,11,98,9,6,0.25,1
12,17,98,8,2,1.399999999999983,0
13,5,98,5,2,0.555555555555554,3
14,8,98,4,1,125.0,2
15,1,98,6,2,41.375,3
16,14,98,3,3,0.0,3
17,20,98,4,4,0.0,1
18,2,98,6,4,0.0,0
19,19,98,9,1,73.75,3
20,12,98,7,3,9.0,2
