,idx,ex_num,bar_num,g_num,RE,true
1,14,37,7,3,0.0,3
2,19,37,7,4,0.0,2
3,1,37,6,5,0.0,3
4,16,37,6,3,27.22222222222223,0
5,10,37,3,2,0.0,3
6,4,37,5,3,0.0,3
7,6,37,4,3,0.0,1
8,7,37,8,1,331.7142857142858,0
9,5,37,3,2,0.0,3
10,15,37,7,2,1.5,1
11,11,37,7,4,0.25,1
12,18,37,10,10,0.0,3
13,13,37,3,3,0.0,1
14,9,37,8,8,0.0,0
15,8,37,7,3,1.0,3
16,12,37,6,4,0.25,1
17,2,37,8,1,385.4285714285715,1
18,17,37,6,6,0.0,0
19,3,37,10,3,0.07249999999999887,0
20,20,37,10,3,0.7222222222222159,3
