,idx,ex_num,bar_num,g_num,RE,true
1,1,74,3,3,0,0
2,19,74,6,3,1.0,0
3,7,74,3,2,0,0
4,10,74,5,2,0.25,2
5,12,74,4,2,0,0
6,15,74,8,5,0.0,3
7,14,74,6,5,0.0,1
8,9,74,5,3,0.25,3
9,8,74,7,2,4.000000000000005,2
10,2,74,8,1,385.4285714285715,0
11,6,74,4,1,60.88888888888881,3
12,16,74,5,3,12.25,2
13,3,74,9,9,0,2
14,5,74,3,3,0,1
15,13,74,6,3,1.0,0
16,18,74,9,3,0.5,1
17,11,74,5,3,0.25,2
18,4,74,8,2,97.75,2
19,17,74,5,1,33.0,0
20,20,74,10,1,29.0,3
