,idx,ex_num,bar_num,g_num,RE,true
1,8,86,3,1,56.25,3
2,13,86,9,2,2.8571428571428514,2
3,16,86,10,1,1775.0740740740741,0
4,17,86,5,2,0.25,1
5,6,86,4,2,1.0,1
6,4,86,9,3,35.39999999999999,3
7,10,86,8,1,21.857142857142854,0
8,14,86,8,5,0.0,1
9,2,86,9,8,0.0,3
10,7,86,6,1,196.40000000000006,0
11,5,86,9,9,0.0,3
12,19,86,7,4,0.0,1
13,15,86,9,5,0.0,1
14,9,86,4,2,0.25,1
15,12,86,7,5,0.25,1
16,3,86,10,7,0.0,1
17,20,86,4,3,0.0,1
18,11,86,10,7,0.25,0
19,18,86,7,3,0.25,1
20,1,86,8,4,0.0,2
