,idx,ex_num,bar_num,g_num,RE,true
1,18,7,9,1,99.75,0
2,16,7,5,1,239.375,1
3,12,7,4,2,0.0,3
4,19,7,10,6,0.5555555555555587,3
5,8,7,10,1,627.0,0
6,7,7,10,4,1.0,1
7,20,7,10,4,0.75,2
8,4,7,4,1,3029.0,2
9,15,7,4,4,0.0,3
10,1,7,9,7,0.0,0
11,10,7,10,8,0.0,2
12,6,7,9,4,1.555555555555554,0
13,17,7,9,7,0.0,1
14,9,7,9,4,2.472222222222225,1
15,14,7,8,4,0.375,1
16,3,7,10,10,0.0,2
17,2,7,5,1,90.5,1
18,13,7,10,3,2.25,0
19,5,7,5,2,0.555555555555554,1
20,11,7,6,4,0.25,0
