,idx,ex_num,bar_num,g_num,RE,true
1,16,94,8,8,0,2
2,20,94,5,1,10.5,2
3,2,94,8,8,0,2
4,13,94,5,1,95.375,2
5,12,94,6,2,6.5,2
6,3,94,7,2,0.03249999999999915,3
7,17,94,5,3,0,0
8,15,94,5,3,0,3
9,5,94,5,5,0,0
10,19,94,9,6,0.25,3
11,8,94,4,4,0,2
12,11,94,3,2,0,0
13,1,94,9,3,58.80000000000002,1
14,14,94,9,6,0.0,1
15,7,94,8,2,4.194444444444446,1
16,10,94,4,4,0,0
17,9,94,3,2,0,0
18,4,94,10,8,0.0,3
19,6,94,9,4,0.555555555555554,2
20,18,94,8,1,75.28571428571438,2
