,idx,ex_num,bar_num,g_num,RE,true
1,4,90,4,2,4.0,1
2,15,90,7,6,0.0,0
3,19,90,7,6,0.0,0
4,20,90,7,7,0.0,1
5,2,90,4,2,1.0,1
6,9,90,4,1,53.55555555555557,0
7,1,90,5,4,0.0,2
8,6,90,9,5,0.555555555555554,2
9,11,90,9,2,25.714285714285705,0
10,14,90,4,1,2.888888888888894,0
11,18,90,8,4,0.5555555555555587,0
12,5,90,4,3,0.0,3
13,17,90,9,7,0.0,2
14,8,90,7,5,0.0,2
15,13,90,6,3,1.0,2
16,12,90,10,9,0.0,2
17,10,90,9,5,0.25,2
18,16,90,3,2,0.0,0
19,3,90,9,9,0.0,0
20,7,90,7,7,0.0,1
