,idx,ex_num,bar_num,g_num,RE,true
1,6,25,5,5,0,2
2,4,25,4,2,4.0,2
3,3,25,10,6,0.009999999999999573,0
4,8,25,3,1,56.25,0
5,9,25,4,2,0.25,1
6,11,25,8,6,0,2
7,17,25,10,5,0,0
8,2,25,4,2,1.0,0
9,18,25,6,3,0.0,2
10,12,25,7,6,0,1
11,15,25,3,2,0,3
12,5,25,3,3,0,0
13,20,25,3,2,0,0
14,14,25,4,3,0,3
15,19,25,10,8,0.0,0
16,16,25,3,2,0,3
17,10,25,10,2,1.7777777777777795,2
18,7,25,9,7,0,0
19,1,25,4,1,2156.555555555556,2
20,13,25,5,3,0,3
