,idx,ex_num,bar_num,g_num,RE,true
1,20,32,5,5,0,0
2,15,32,8,1,13.571428571428575,1
3,11,32,8,4,0.5,1
4,4,32,5,1,4775.875,1
5,18,32,8,3,0.5555555555555587,0
6,13,32,4,1,65.0,1
7,19,32,8,2,5.5,3
8,17,32,10,2,1.71428571428569,0
9,9,32,4,3,0,2
10,6,32,7,1,175.86111111111097,0
11,2,32,4,2,1.0,3
12,14,32,3,3,0,3
13,12,32,4,3,0,2
14,1,32,6,3,12.25,0
15,16,32,9,2,53.75,3
16,8,32,5,5,0,1
17,10,32,8,1,21.857142857142854,1
18,5,32,9,2,1.142857142857145,3
19,7,32,5,3,0.0,0
20,3,32,5,5,0,0
