,idx,ex_num,bar_num,g_num,RE,true
1,18,68,8,1,75.28571428571438,0
2,7,68,6,1,196.40000000000006,0
3,3,68,6,6,0.0,0
4,10,68,3,3,0.0,3
5,1,68,9,8,0.0,2
6,16,68,7,5,0.0,0
7,2,68,6,2,8.375,1
8,13,68,7,1,187.19444444444446,3
9,9,68,10,9,0.0,0
10,20,68,4,1,8.222222222222216,1
11,6,68,7,4,0.0,2
12,11,68,9,6,0.25,3
13,12,68,4,4,0.0,3
14,5,68,8,8,0.0,2
15,19,68,6,2,8.0,0
16,14,68,9,8,0.0,0
17,8,68,5,5,0.0,0
18,4,68,4,1,3029.0,3
19,17,68,7,4,0.0,0
20,15,68,6,4,0.0,3
