,idx,ex_num,bar_num,g_num,RE,true
1,16,96,3,3,0,3
2,9,96,3,1,20.25,3
3,2,96,9,2,43.0,0
4,5,96,7,5,0.0,3
5,8,96,5,1,162.875,2
6,10,96,10,3,2.5555555555555536,2
7,19,96,4,4,0,0
8,15,96,8,2,2.6,2
9,17,96,8,1,99.0,3
10,3,96,3,3,0,3
11,20,96,3,1,2.25,3
12,1,96,5,5,0,3
13,18,96,7,2,2.472222222222216,0
14,6,96,8,7,0,1
15,14,96,5,3,0.0,0
16,4,96,8,6,0.0,0
17,7,96,5,2,2.2222222222222205,0
18,13,96,9,8,0,1
19,11,96,6,3,0.25,1
20,12,96,6,5,0,0
