,idx,ex_num,bar_num,g_num,RE,true
1,5,81,6,5,0.0,2
2,9,81,6,3,1.0,3
3,4,81,7,7,0.0,3
4,2,81,5,3,0.0,1
5,7,81,4,1,125.0,3
6,18,81,10,1,153.0,3
7,12,81,6,1,66.20000000000002,0
8,6,81,5,4,0.0,0
9,19,81,10,1,136.185185185185,3
10,10,81,8,6,0.0,1
11,8,81,9,5,0.0,3
12,20,81,5,2,0.2222222222222159,1
13,3,81,3,1,0.022499999999999572,2
14,1,81,8,5,0.0,0
15,14,81,6,1,9.399999999999999,0
16,16,81,8,2,48.79999999999999,0
17,13,81,8,5,0.0,0
18,11,81,9,1,1319.6875,2
19,15,81,6,5,0.0,0
20,17,81,3,2,0.0,3
