,idx,ex_num,bar_num,g_num,RE,true
1,15,69,4,4,0,2
2,20,69,9,8,0,2
3,1,69,9,2,335.0,2
4,19,69,6,4,0,1
5,17,69,9,6,0,2
6,5,69,7,1,17.52777777777778,0
7,16,69,10,1,1775.0740740740741,2
8,10,69,7,4,0.25,1
9,11,69,5,1,453.375,0
10,8,69,9,2,8.428571428571418,1
11,7,69,4,4,0,2
12,9,69,9,8,0.0,2
13,13,69,3,3,0,2
14,14,69,9,8,0.0,3
15,18,69,3,3,0,2
16,12,69,9,8,0,3
17,3,69,7,4,0,1
18,6,69,8,3,16.22222222222221,2
19,4,69,6,5,0,0
20,2,69,3,3,0,2
