,idx,ex_num,bar_num,g_num,RE,true
1,5,11,9,8,0.0,1
2,16,11,7,1,846.5277777777778,2
3,6,11,7,3,10.0,0
4,1,11,10,4,4.800000000000006,1
5,12,11,9,6,0.25,3
6,14,11,6,4,0.0,0
7,4,11,3,1,1482.25,2
8,2,11,10,8,0.0,0
9,17,11,7,2,2.375,0
10,10,11,3,2,0.0,3
11,11,11,9,1,1319.6875,2
12,8,11,7,2,4.000000000000005,1
13,9,11,5,2,2.0,2
14,13,11,9,9,0.0,0
15,3,11,6,2,0.024999999999999287,0
16,7,11,6,5,0.0,3
17,19,11,10,8,0.0,3
18,20,11,4,1,8.222222222222216,2
19,18,11,9,4,0.5,1
20,15,11,3,3,0.0,1
