,idx,ex_num,bar_num,g_num,RE,true
1,18,63,7,5,0,0
2,8,63,5,4,0,0
3,17,63,6,1,60.60000000000005,2
4,13,63,9,6,0,3
5,3,63,10,3,0.07249999999999887,3
6,6,63,5,5,0,0
7,1,63,6,6,0,1
8,5,63,8,4,0.555555555555554,2
9,4,63,10,6,0.0,0
10,19,63,5,5,0,0
11,14,63,6,6,0,1
12,12,63,8,4,0.25,2
13,7,63,6,6,0,0
14,2,63,8,4,5.0,2
15,11,63,4,1,280.55555555555566,1
16,16,63,8,5,0.0,1
17,9,63,9,8,0.0,3
18,10,63,8,5,0.22222222222222537,3
19,20,63,5,3,0.25,1
20,15,63,6,3,0.25,1
