,idx,ex_num,bar_num,g_num,RE,true
1,17,45,5,2,0.25,3
2,4,45,8,4,5.0,2
3,11,45,10,10,0.0,2
4,19,45,4,1,8.0,2
5,18,45,10,1,153.0,3
6,10,45,8,4,0.22222222222222537,3
7,7,45,8,2,4.194444444444446,2
8,15,45,6,2,0.5555555555555564,3
9,12,45,10,5,0.4722222222222218,1
10,13,45,5,5,0.0,2
11,8,45,5,3,0.0,1
12,2,45,4,1,73.0,2
13,1,45,7,3,27.222222222222214,1
14,6,45,8,5,0.25,0
15,5,45,10,7,0.0,3
16,3,45,6,2,0.024999999999999287,1
17,20,45,4,4,0.0,2
18,16,45,3,3,0.0,0
19,14,45,7,7,0.0,0
20,9,45,4,4,0.0,1
