,idx,ex_num,bar_num,g_num,RE,true
1,18,65,3,2,0,0
2,2,65,9,3,4.375,0
3,11,65,5,5,0,3
4,3,65,10,10,0,0
5,12,65,9,8,0,3
6,5,65,6,2,0.5,0
7,1,65,10,3,53.75,0
8,4,65,10,10,0,1
9,7,65,9,8,0,3
10,6,65,4,2,1.0,3
11,13,65,9,2,2.8571428571428514,1
12,20,65,10,5,0.5,0
13,9,65,6,3,1.0,1
14,15,65,10,1,17.00000000000001,3
15,16,65,3,1,4.0,0
16,8,65,5,1,162.875,0
17,17,65,4,3,0,3
18,19,65,4,4,0,2
19,10,65,4,4,0,2
20,14,65,4,4,0,2
