,idx,ex_num,bar_num,g_num,RE,true
1,10,50,8,7,0,0
2,5,50,5,1,15.375,0
3,7,50,8,3,2.4722222222222205,1
4,11,50,3,2,0,2
5,1,50,6,2,41.375,0
6,3,50,9,6,0.002499999999999716,0
7,17,50,5,3,0,1
8,15,50,8,6,0.0,1
9,18,50,6,1,40.80000000000005,2
10,4,50,3,1,1482.25,0
11,14,50,6,3,0.5555555555555564,3
12,19,50,9,5,0,0
13,2,50,9,3,4.375,0
14,6,50,6,2,2.0,2
15,13,50,4,3,0,3
16,20,50,6,4,0,1
17,8,50,9,5,1.0,0
18,12,50,5,3,0,2
19,9,50,7,7,0,2
20,16,50,9,2,53.75,0
