,idx,ex_num,bar_num,g_num,RE,true
1,15,61,4,2,0,2
2,2,61,7,5,0.0,0
3,17,61,7,4,0,1
4,3,61,10,9,0,2
5,10,61,8,4,0.25,2
6,4,61,5,4,0,2
7,20,61,3,3,0,1
8,9,61,10,6,0.25,2
9,14,61,7,4,0.0,3
10,8,61,9,2,8.428571428571418,1
11,1,61,10,5,4.800000000000006,0
12,12,61,4,3,0,1
13,13,61,10,8,0,3
14,19,61,4,1,8.0,2
15,5,61,3,1,2.25,1
16,11,61,5,3,0.25,2
17,7,61,4,1,125.0,1
18,18,61,9,7,0.0,1
19,6,61,4,2,1.0,3
20,16,61,10,10,0,1
