,idx,ex_num,bar_num,g_num,RE,true
1,20,42,9,4,0.5,3
2,6,42,4,2,1.0,3
3,15,42,6,5,0.0,1
4,5,42,4,2,0.25,1
5,10,42,6,2,2.0,0
6,14,42,7,7,0.0,2
7,16,42,3,1,4.0,3
8,19,42,10,10,0.0,1
9,7,42,4,3,0.0,2
10,13,42,8,1,263.57142857142856,3
11,18,42,5,3,0.0,3
12,11,42,6,4,0.25,1
13,2,42,6,2,8.375,1
14,12,42,6,4,0.25,2
15,3,42,10,5,0.002499999999999716,2
16,17,42,7,7,0.0,1
17,8,42,3,1,56.25,3
18,9,42,7,7,0.0,1
19,1,42,3,1,1122.25,3
20,4,42,6,4,0.0,2
