,idx,ex_num,bar_num,g_num,RE,true
1,1,51,3,1,1122.25,0
2,11,51,3,1,100.0,0
3,2,51,6,6,0.0,3
4,15,51,9,1,11.75,0
5,3,51,8,6,0.002499999999999716,1
6,10,51,8,4,0.22222222222222537,3
7,12,51,9,6,0.25,0
8,19,51,3,1,1.0,3
9,16,51,6,1,522.0,1
10,13,51,7,3,1.25,3
11,7,51,3,3,0.0,1
12,5,51,9,9,0.0,3
13,9,51,8,8,0.0,1
14,4,51,5,3,0.0,2
15,14,51,10,5,0.22222222222222066,2
16,20,51,5,4,0.0,2
17,6,51,5,5,0.0,3
18,18,51,8,7,0.0,2
19,17,51,6,1,60.60000000000005,3
20,8,51,3,1,56.25,1
