,idx,ex_num,bar_num,g_num,RE,true
1,8,31,6,5,0,0
2,10,31,4,4,0,0
3,19,31,3,3,0,0
4,12,31,6,6,0,1
5,7,31,4,1,125.0,0
6,14,31,6,2,0.5555555555555564,3
7,6,31,3,3,0,1
8,15,31,6,6,0,1
9,17,31,4,1,20.555555555555614,0
10,18,31,8,7,0.0,3
11,9,31,6,1,125.19999999999997,0
12,2,31,9,7,0,0
13,3,31,7,3,0.009999999999999573,1
14,20,31,3,2,0,0
15,11,31,9,8,0,1
16,5,31,8,3,0.5,1
17,13,31,10,4,2.0,1
18,4,31,8,4,5.0,0
19,16,31,7,6,0,3
20,1,31,6,3,12.25,3
