,idx,ex_num,bar_num,g_num,RE,true
1,19,48,9,2,6.055555555555559,1
2,1,48,9,1,12762.0,2
3,9,48,3,3,0.0,1
4,14,48,9,3,0.375,1
5,6,48,5,3,0.0,1
6,20,48,9,4,0.4722222222222159,2
7,17,48,9,3,0.4722222222222159,1
8,4,48,9,3,35.39999999999999,3
9,8,48,10,6,0.0,1
10,2,48,8,6,0.0,2
11,15,48,4,4,0.0,2
12,3,48,4,4,0.0,1
13,16,48,4,4,0.0,1
14,13,48,4,4,0.0,1
15,12,48,4,4,0.0,1
16,7,48,4,4,0.0,1
17,10,48,4,4,0.0,1
18,5,48,4,4,0.0,1
19,11,48,4,4,0.0,1
20,18,48,4,4,0.0,1
