,idx,ex_num,bar_num,g_num,RE,true
1,10,64,5,1,2.375,0
2,8,64,10,10,0.0,1
3,6,64,9,4,1.555555555555554,2
4,15,64,4,2,0.0,2
5,17,64,4,2,0.0,3
6,9,64,5,4,0.0,0
7,14,64,7,6,0.0,0
8,20,64,7,5,0.0,3
9,2,64,6,2,8.375,2
10,3,64,4,2,0.0,3
11,19,64,10,7,0.5555555555555587,1
12,11,64,4,1,280.55555555555566,0
13,18,64,6,3,0.0,1
14,12,64,5,4,0.0,1
15,5,64,5,1,15.375,3
16,7,64,7,4,0.0,2
17,1,64,6,5,0.0,3
18,13,64,9,8,0.0,1
19,4,64,3,2,0.0,2
20,16,64,8,1,1126.2857142857142,2
