,idx,ex_num,bar_num,g_num,RE,true
1,10,20,8,6,0,3
2,13,20,6,2,2.375,3
3,15,20,9,7,0.0,3
4,17,20,10,1,161.33333333333346,0
5,19,20,5,4,0,1
6,18,20,7,1,44.86111111111114,3
7,20,20,4,4,0,1
8,8,20,5,1,162.875,3
9,16,20,9,7,0,1
10,3,20,5,2,0.022499999999999572,1
11,12,20,10,5,0.4722222222222218,2
12,2,20,4,2,1.0,1
13,14,20,7,3,0.375,2
14,7,20,7,4,0.0,3
15,1,20,8,3,42.875,0
16,6,20,3,2,0,2
17,11,20,9,4,2.25,3
18,4,20,4,3,0,3
19,9,20,10,3,3.875,3
20,5,20,9,2,1.142857142857145,0
