,idx,ex_num,bar_num,g_num,RE,true
1,4,29,9,4,3.5,3
2,5,29,6,1,16.599999999999955,3
3,20,29,4,2,0.25,2
4,17,29,8,6,0.0,0
5,16,29,10,7,0.0,3
6,15,29,3,1,2.25,2
7,14,29,8,2,1.2000000000000015,2
8,8,29,5,1,162.875,1
9,2,29,8,3,6.0,0
10,11,29,10,2,36.75,2
11,1,29,5,3,0.0,2
12,13,29,5,3,0.0,0
13,7,29,10,2,21.6875,1
14,6,29,3,3,0.0,0
15,9,29,9,1,274.25,0
16,19,29,5,1,5.5,0
17,10,29,10,4,0.5,3
18,12,29,6,1,66.20000000000002,0
19,3,29,9,9,0.0,3
20,18,29,9,5,0.5555555555555587,2
