,idx,ex_num,bar_num,g_num,RE,true
1,3,41,3,1,0.022499999999999572,0
2,19,41,5,5,0.0,1
3,15,41,3,2,0.0,1
4,2,41,10,4,14.888888888888896,0
5,18,41,4,3,0.0,3
6,14,41,7,2,0.375,3
7,17,41,7,3,0.25,0
8,4,41,10,3,66.52777777777781,2
9,1,41,7,5,0.0,0
10,7,41,3,2,0.0,0
11,16,41,9,4,2.599999999999998,0
12,9,41,8,8,0.0,1
13,5,41,3,2,0.0,2
14,12,41,4,1,7.222222222222211,0
15,10,41,8,2,1.5,1
16,20,41,5,1,10.5,3
17,6,41,9,4,1.555555555555554,3
18,8,41,9,8,0.0,0
19,11,41,8,7,0.0,0
20,13,41,3,2,0.0,2
