,idx,ex_num,bar_num,g_num,RE,true
1,14,46,4,4,0,3
2,16,46,4,3,0,0
3,4,46,8,5,0.0,1
4,20,46,4,1,8.222222222222216,0
5,15,46,10,2,2.4285714285714315,2
6,17,46,3,1,20.25,1
7,7,46,4,3,0,3
8,11,46,10,5,2.0,2
9,6,46,7,5,0,0
10,18,46,6,6,0,0
11,12,46,8,2,22.2,3
12,1,46,10,2,371.4375,2
13,19,46,4,4,0,0
14,9,46,4,3,0,0
15,10,46,8,7,0,1
16,5,46,3,1,2.25,2
17,8,46,5,5,0,0
18,2,46,3,1,42.25,2
19,13,46,4,2,0.25,1
20,3,46,8,3,0.03249999999999915,1
