,idx,ex_num,bar_num,g_num,RE,true
1,15,10,8,7,0.0,3
2,12,10,7,3,18.888888888888893,2
3,6,10,3,2,0.0,1
4,7,10,9,6,0.0,1
5,20,10,7,7,0.0,0
6,9,10,7,4,0.25,1
7,10,10,6,3,0.25,1
8,13,10,7,3,2.375,3
9,17,10,9,3,0.4722222222222159,2
10,3,10,8,2,0.08750000000000001,1
11,11,10,7,7,0.0,3
12,5,10,7,4,0.555555555555554,1
13,18,10,5,1,66.0,1
14,8,10,4,3,0.0,1
15,4,10,8,4,20.0,0
16,1,10,8,4,0.0,1
17,16,10,3,3,0.0,0
18,14,10,5,1,8.375,3
19,2,10,3,2,0.0,3
20,19,10,6,5,0.0,0
