,idx,ex_num,bar_num,g_num,RE,true
1,19,89,3,3,0,2
2,15,89,9,6,0.0,1
3,13,89,10,7,0,3
4,1,89,3,3,0,1
5,11,89,9,6,0.25,1
6,8,89,6,2,6.0,2
7,10,89,7,5,0,1
8,2,89,4,3,0,3
9,17,89,4,1,20.555555555555614,0
10,18,89,6,3,0.0,0
11,4,89,10,4,7.399999999999992,0
12,6,89,4,2,1.0,0
13,7,89,4,4,0,3
14,14,89,8,2,1.2000000000000015,1
15,16,89,10,2,69.71428571428577,1
16,20,89,6,3,0.2222222222222159,3
17,12,89,3,3,0,1
18,5,89,9,6,0.0,1
19,9,89,3,3,0,1
20,3,89,9,6,0.009999999999999573,1
