,idx,ex_num,bar_num,g_num,RE,true
1,4,91,6,4,0,0
2,1,91,9,4,0.0,3
3,17,91,10,2,1.71428571428569,3
4,20,91,4,2,0.25,0
5,9,91,10,8,0.0,1
6,7,91,10,5,0.0,1
7,2,91,8,7,0,3
8,5,91,7,5,0.0,0
9,10,91,7,4,0.25,1
10,11,91,3,3,0,1
11,15,91,10,8,0.0,3
12,12,91,8,2,22.2,0
13,16,91,7,3,42.875,3
14,14,91,3,3,0,3
15,8,91,10,8,0.0,3
16,13,91,10,6,0,3
17,18,91,9,7,0.0,1
18,6,91,9,5,0.555555555555554,2
19,19,91,5,2,1.0,1
20,3,91,5,2,0.022499999999999572,0
