,idx,ex_num,bar_num,g_num,RE,true
1,10,52,5,2,0.22222222222222537,3
2,5,52,6,2,0.5,1
3,19,52,7,5,0.0,1
4,4,52,8,2,97.75,0
5,11,52,4,3,0.0,1
6,14,52,6,3,0.5555555555555564,2
7,20,52,3,2,0.0,0
8,8,52,9,8,0.0,2
9,6,52,4,4,0.0,0
10,18,52,9,3,0.5,2
11,15,52,7,3,0.5555555555555564,1
12,13,52,6,4,0.0,3
13,3,52,8,3,0.024999999999999287,3
14,1,52,8,6,0.0,2
15,7,52,6,3,0.0,0
16,12,52,4,4,0.0,3
17,16,52,9,3,53.75,2
18,17,52,4,3,0.0,2
19,2,52,9,3,4.375,0
20,9,52,6,2,1.375,2
