,idx,ex_num,bar_num,g_num,RE,true
1,18,39,8,7,0.0,0
2,15,39,4,4,0.0,3
3,2,39,3,2,0.0,0
4,19,39,8,8,0.0,2
5,8,39,10,7,0.0,2
6,11,39,3,2,0.0,0
7,14,39,9,3,0.777777777777777,0
8,3,39,6,2,0.024999999999999287,2
9,6,39,6,4,1.0,0
10,5,39,7,6,0.0,2
11,17,39,5,3,0.0,1
12,10,39,6,1,9.199999999999998,3
13,12,39,9,4,0.5,2
14,16,39,9,6,0.0,0
15,4,39,9,8,0.0,2
16,20,39,4,4,0.0,0
17,1,39,3,2,0.0,0
18,13,39,6,1,160.40000000000003,2
19,9,39,8,2,2.861111111111108,2
20,7,39,9,1,467.4375,3
