,idx,ex_num,bar_num,g_num,RE,true
1,5,75,8,8,0,2
2,4,75,10,4,7.399999999999992,1
3,10,75,4,2,0.25,3
4,7,75,7,5,0,0
5,1,75,8,4,0.0,0
6,3,75,6,6,0,2
7,18,75,10,6,0.375,3
8,16,75,8,8,0,1
9,6,75,10,4,2.875,1
10,8,75,7,3,2.2222222222222205,0
11,17,75,3,2,0,1
12,11,75,3,1,100.0,2
13,9,75,5,1,104.5,1
14,13,75,10,8,0,2
15,12,75,9,8,0,3
16,2,75,3,3,0,2
17,20,75,10,6,0.25,0
18,14,75,4,3,0,1
19,19,75,6,2,5.5,3
20,15,75,8,5,0.0,1
