,idx,ex_num,bar_num,g_num,RE,true
1,14,19,3,3,0,1
2,8,19,7,5,0,1
3,1,19,10,9,0.0,2
4,13,19,9,7,0,1
5,15,19,3,1,2.25,0
6,18,19,4,2,0.0,1
7,11,19,6,2,2.5,1
8,20,19,8,8,0,3
9,12,19,4,1,7.222222222222211,3
10,3,19,4,3,0,0
11,10,19,7,7,0,3
12,5,19,6,1,16.599999999999955,3
13,9,19,6,4,0.25,1
14,6,19,7,6,0,3
15,16,19,10,7,0.0,3
16,7,19,9,6,0,3
17,19,19,9,8,0,3
18,4,19,8,6,0.0,3
19,17,19,3,2,0,1
20,2,19,7,4,0.0,0
