,idx,ex_num,bar_num,g_num,RE,true
1,3,97,5,3,0,3
2,11,97,7,1,766.0,2
3,8,97,7,4,0.0,2
4,15,97,7,6,0.0,1
5,20,97,7,1,19.19444444444443,1
6,4,97,10,5,0.0,1
7,10,97,4,2,0.25,3
8,17,97,5,4,0,0
9,18,97,6,6,0,1
10,6,97,6,3,1.0,1
11,5,97,10,9,0.0,0
12,19,97,4,1,8.0,1
13,16,97,6,2,27.22222222222223,2
14,13,97,10,8,0,2
15,9,97,6,3,2.0,2
16,1,97,9,1,12762.0,3
17,2,97,8,3,6.0,3
18,12,97,5,3,0,0
19,14,97,9,2,0.777777777777777,1
20,7,97,4,1,125.0,2
