,idx,ex_num,bar_num,g_num,RE,true
1,12,77,10,3,19.111111111111114,1
2,19,77,4,3,0.0,0
3,15,77,4,1,1.8888888888888848,0
4,1,77,9,3,58.80000000000002,3
5,16,77,8,5,0.25,1
6,6,77,10,9,0.0,0
7,13,77,7,7,0.0,1
8,3,77,5,3,0.0,2
9,4,77,8,4,5.0,3
10,10,77,10,2,1.7777777777777795,0
11,20,77,10,1,29.0,3
12,17,77,5,5,0.0,1
13,5,77,3,2,0.0,1
14,2,77,7,5,0.0,1
15,14,77,4,2,0.0,3
16,18,77,3,3,0.0,1
17,8,77,6,2,6.0,0
18,7,77,6,4,0.0,2
19,11,77,3,2,0.0,0
20,9,77,7,4,0.25,0
