,idx,ex_num,bar_num,g_num,RE,true
1,14,57,5,5,0,1
2,20,57,8,7,0,3
3,9,57,3,2,0,2
4,15,57,7,4,0.0,3
5,10,57,5,2,0.22222222222222537,0
6,19,57,9,3,1.555555555555559,2
7,4,57,8,2,97.75,2
8,6,57,7,3,10.0,1
9,3,57,10,1,0.5707407407407455,3
10,18,57,10,8,0.0,1
11,13,57,9,4,2.0,0
12,16,57,10,5,0.25,3
13,7,57,5,4,0,2
14,5,57,7,2,0.9999999999999942,2
15,17,57,9,6,0,1
16,11,57,6,2,2.5,2
17,8,57,4,2,0.0,2
18,1,57,7,5,0.0,3
19,12,57,7,1,43.0,1
20,2,57,4,4,0,2
