,idx,ex_num,bar_num,g_num,RE,true
1,7,22,3,3,0,0
2,9,22,8,2,2.861111111111108,1
3,13,22,7,7,0,3
4,10,22,3,3,0,2
5,19,22,8,2,5.5,1
6,3,22,3,1,0.022499999999999572,1
7,18,22,4,4,0,2
8,20,22,6,3,0.2222222222222159,0
9,4,22,5,4,0,3
10,14,22,8,8,0,1
11,16,22,6,2,27.22222222222223,0
12,11,22,9,9,0,0
13,17,22,3,3,0,2
14,2,22,8,2,21.111111111111114,1
15,12,22,7,5,0.25,3
16,6,22,7,3,10.0,0
17,15,22,8,6,0.0,1
18,1,22,8,8,0,0
19,8,22,6,2,6.0,0
20,5,22,7,4,0.0,1
