,idx,ex_num,bar_num,g_num,RE,true
1,9,58,4,4,0,3
2,15,58,10,10,0,3
3,16,58,6,6,0,0
4,12,58,10,2,33.25,3
5,1,58,7,7,0,3
6,10,58,9,6,0.25,0
7,3,58,7,4,0,0
8,13,58,6,1,160.40000000000003,2
9,14,58,8,3,0.25,3
10,11,58,5,4,0,3
11,5,58,6,2,0.5,3
12,6,58,7,7,0,1
13,17,58,9,6,0,0
14,8,58,5,1,162.875,1
15,4,58,9,3,35.39999999999999,3
16,2,58,5,4,0,2
17,18,58,5,4,0,1
18,20,58,5,3,0.25,1
19,7,58,4,1,125.0,3
20,19,58,9,4,0.5555555555555587,0
