,idx,ex_num,bar_num,g_num,RE,true
1,8,17,9,3,5.5,0
2,7,17,9,9,0.0,1
3,16,17,6,3,27.22222222222223,0
4,15,17,3,2,0.0,1
5,6,17,8,5,0.25,2
6,4,17,7,5,0.0,1
7,11,17,10,8,0.0,1
8,1,17,9,6,0.0,0
9,2,17,9,1,552.4375,2
10,5,17,6,5,0.0,3
11,9,17,5,5,0.0,3
12,19,17,8,7,0.0,1
13,20,17,4,3,0.0,3
14,13,17,5,3,0.25,3
15,3,17,4,4,0.0,2
16,18,17,9,7,0.0,2
17,12,17,3,3,0.0,2
18,10,17,7,1,11.444444444444436,0
19,14,17,5,1,8.375,2
20,17,17,6,2,0.2222222222222159,1
