,idx,ex_num,bar_num,g_num,RE,true
1,9,82,4,3,0,2
2,19,82,5,5,0,1
3,4,82,7,5,0.0,1
4,15,82,10,2,2.4285714285714315,3
5,2,82,5,3,1.0,0
6,18,82,7,2,2.472222222222216,1
7,12,82,5,5,0,3
8,8,82,7,5,0,1
9,7,82,7,2,4.000000000000005,2
10,1,82,6,5,0,1
11,14,82,9,5,0.0,0
12,20,82,5,4,0,1
13,11,82,3,2,0,1
14,3,82,7,6,0,2
15,13,82,6,1,160.40000000000003,0
16,6,82,10,6,1.0,1
17,10,82,8,7,0,1
18,17,82,7,3,0.25,0
19,16,82,3,3,0,2
20,5,82,7,2,0.9999999999999942,0
