,idx,ex_num,bar_num,g_num,RE,true
1,20,79,8,2,0.7777777777777746,3
2,7,79,4,2,0.0,3
3,9,79,7,3,2.0,1
4,11,79,4,2,2.25,1
5,19,79,9,1,73.75,3
6,13,79,4,1,65.0,2
7,10,79,6,3,0.25,3
8,1,79,6,4,0.0,0
9,17,79,8,5,0.0,0
10,2,79,8,8,0.0,3
11,3,79,10,2,0.3168888888888879,0
12,16,79,8,8,0.0,1
13,14,79,10,2,1.857142857142855,0
14,18,79,3,1,1.0,0
15,4,79,9,2,201.57142857142864,1
16,8,79,10,2,24.2857142857143,1
17,6,79,4,1,60.88888888888881,2
18,12,79,5,3,0.0,3
19,15,79,9,9,0.0,3
20,5,79,3,2,0.0,0
