,idx,ex_num,bar_num,g_num,RE,true
1,16,26,3,3,0,1
2,12,26,10,1,328.7407407407409,1
3,18,26,3,1,1.0,1
4,19,26,6,4,0,1
5,17,26,5,1,33.0,3
6,4,26,3,1,1482.25,1
7,6,26,3,1,36.0,2
8,3,26,4,4,0,3
9,9,26,5,4,0,1
10,10,26,6,5,0,3
11,11,26,5,2,2.888888888888886,0
12,1,26,7,2,119.60000000000002,0
13,8,26,10,10,0,0
14,15,26,7,7,0,0
15,13,26,6,2,2.375,1
16,5,26,7,3,0.555555555555554,0
17,2,26,3,1,42.25,3
18,14,26,9,7,0.0,0
19,20,26,8,7,0,0
20,7,26,9,4,2.2222222222222205,2
