,idx,ex_num,bar_num,g_num,RE,true
1,16,92,10,3,1.7777777777777781,0
2,20,92,9,6,0.0,0
3,12,92,8,3,8.0,1
4,5,92,6,3,0.555555555555554,2
5,11,92,10,4,2.25,3
6,7,92,5,3,0.0,3
7,13,92,10,1,332.51851851851853,1
8,1,92,6,3,12.25,0
9,6,92,3,3,0.0,1
10,15,92,4,4,0.0,1
11,2,92,10,3,7.0,0
12,3,92,5,1,0.059999999999999575,2
13,8,92,7,6,0.0,3
14,19,92,6,1,70.0,1
15,10,92,10,8,0.0,2
16,4,92,5,2,4.0,2
17,9,92,6,3,1.0,2
18,18,92,10,10,0.0,3
19,17,92,5,4,0.0,0
20,14,92,4,1,2.888888888888894,1
