,idx,ex_num,bar_num,g_num,RE,true
1,15,38,4,4,0,1
2,18,38,7,6,0,2
3,2,38,10,1,630.4074074074073,0
4,5,38,4,4,0,2
5,7,38,7,6,0,2
6,19,38,10,6,0.0,2
7,11,38,6,2,2.5,0
8,9,38,9,6,0.0,3
9,13,38,6,5,0,2
10,17,38,9,9,0,1
11,10,38,3,1,1.0,3
12,1,38,3,3,0,3
13,6,38,5,5,0,2
14,8,38,10,10,0,3
15,16,38,10,2,69.71428571428577,2
16,12,38,7,3,15.222222222222229,3
17,3,38,10,4,0.04999999999999929,1
18,4,38,4,4,0,3
19,20,38,7,6,0,2
20,14,38,6,2,0.5555555555555564,2
