,idx,ex_num,bar_num,g_num,RE,true
1,6,14,8,3,4.805555555555554,1
2,10,14,10,3,0.7777777777777795,1
3,16,14,9,1,1406.1875,0
4,13,14,6,1,160.40000000000003,3
5,3,14,4,1,0.05555555555555421,2
6,1,14,5,1,3401.0,0
7,20,14,8,5,0.25,3
8,7,14,5,1,162.875,0
9,14,14,7,4,0.0,2
10,15,14,6,5,0.0,0
11,18,14,10,8,0.0,2
12,11,14,3,2,0.0,2
13,2,14,9,4,1.0,2
14,12,14,9,6,0.25,0
15,5,14,10,7,0.0,1
16,19,14,5,5,0.0,3
17,9,14,4,3,0.0,1
18,8,14,3,3,0.0,2
19,17,14,4,4,0.0,2
20,4,14,9,7,0.0,0
