,idx,ex_num,bar_num,g_num,RE,true
1,2,47,8,7,0,1
2,6,47,7,6,0,1
3,17,47,3,1,20.25,3
4,4,47,8,4,5.0,2
5,19,47,10,6,0.5555555555555587,3
6,18,47,10,9,0.0,1
7,8,47,9,2,8.428571428571418,2
8,16,47,4,2,0,3
9,20,47,10,10,0,2
10,1,47,6,6,0,0
11,10,47,8,7,0,1
12,13,47,6,1,160.40000000000003,3
13,7,47,10,7,0,3
14,9,47,10,4,1.555555555555554,1
15,5,47,4,1,8.222222222222193,2
16,11,47,5,1,453.375,0
17,15,47,5,3,0,2
18,14,47,6,6,0,2
19,3,47,8,7,0,1
20,12,47,5,2,6.25,3
