,idx,ex_num,bar_num,g_num,RE,true
1,3,9,9,3,0.03249999999999915,1
2,20,9,9,4,0.4722222222222159,1
3,10,9,10,4,0.805555555555554,0
4,4,9,4,1,3029.0,0
5,13,9,7,4,1.0,1
6,7,9,7,4,0.0,1
7,17,9,7,6,0.0,1
8,19,9,7,6,0.0,2
9,2,9,10,3,7.0,1
10,8,9,6,4,0.0,2
11,18,9,5,3,0.0,0
12,16,9,6,4,0.0,0
13,1,9,6,5,0.0,2
14,11,9,7,7,0.0,0
15,14,9,4,4,0.0,0
16,6,9,3,3,0.0,3
17,5,9,4,3,0.0,0
18,9,9,9,4,2.472222222222225,3
19,12,9,3,2,0.0,2
20,15,9,9,4,0.0,0
