,idx,ex_num,bar_num,g_num,RE,true
1,8,95,9,6,0,1
2,7,95,8,8,0,2
3,14,95,8,3,0.25,3
4,11,95,8,4,0.5,3
5,6,95,5,2,4.555555555555554,2
6,9,95,4,4,0,0
7,12,95,4,3,0,1
8,4,95,10,9,0.0,0
9,19,95,5,1,5.5,3
10,2,95,7,5,0.0,3
11,10,95,9,6,0,2
12,15,95,4,3,0,0
13,13,95,10,5,1.0,3
14,3,95,5,2,0.022499999999999572,3
15,1,95,6,3,12.25,3
16,16,95,8,3,48.79999999999999,3
17,5,95,4,2,0.25,2
18,20,95,5,2,0.2222222222222159,2
19,17,95,6,6,0,1
20,18,95,4,3,0,2
