,idx,ex_num,bar_num,g_num,RE,true
1,20,54,8,5,0,3
2,9,54,4,2,0.25,2
3,3,54,6,2,0.024999999999999287,3
4,11,54,10,1,1585.185185185185,0
5,1,54,7,2,119.60000000000002,0
6,2,54,10,7,0.0,0
7,17,54,9,7,0,1
8,12,54,9,1,213.6875,0
9,13,54,7,3,0.8888888888888826,1
10,6,54,9,9,0,3
11,14,54,10,10,0,0
12,4,54,3,2,0,2
13,7,54,4,2,0.0,0
14,8,54,9,3,3.2222222222222205,0
15,19,54,8,5,0,3
16,16,54,4,4,0,1
17,10,54,6,6,0,1
18,18,54,4,3,0,2
19,15,54,8,7,0.0,1
20,5,54,10,9,0.0,1
