,idx,ex_num,bar_num,g_num,RE,true
1,10,87,6,3,0.25,1
2,20,87,5,1,10.5,0
3,19,87,3,2,0.0,3
4,12,87,10,7,0.25,3
5,8,87,10,5,0.0,3
6,17,87,6,5,0.0,0
7,3,87,8,1,0.21857142857143022,1
8,1,87,8,8,0.0,0
9,15,87,4,3,0.0,0
10,2,87,10,2,58.02777777777779,1
11,14,87,10,9,0.0,1
12,16,87,4,4,0.0,1
13,11,87,4,3,0.0,0
14,6,87,9,2,88.19999999999997,2
15,13,87,3,1,25.0,0
16,9,87,8,6,0.0,0
17,4,87,3,2,0.0,3
18,18,87,6,4,0.0,0
19,7,87,7,5,0.0,0
20,5,87,10,2,1.4375,0
