,idx,ex_num,bar_num,g_num,RE,true
1,15,49,9,1,11.75,1
2,7,49,6,1,196.40000000000006,3
3,8,49,3,2,0.0,2
4,2,49,6,5,0.0,1
5,10,49,7,6,0.0,0
6,6,49,3,2,0.0,3
7,17,49,8,1,99.0,1
8,20,49,9,6,0.0,1
9,5,49,3,2,0.0,0
10,19,49,8,6,0.0,2
11,16,49,4,1,40.55555555555562,0
12,1,49,3,3,0.0,2
13,18,49,3,3,0.0,2
14,9,49,3,3,0.0,2
15,13,49,3,3,0.0,2
16,11,49,3,3,0.0,2
17,4,49,3,3,0.0,2
18,14,49,3,3,0.0,2
19,12,49,3,3,0.0,2
20,3,49,3,3,0.0,2
