,idx,ex_num,bar_num,g_num,RE,true
1,5,21,6,2,0.5,0
2,2,21,9,3,4.375,0
3,12,21,6,5,0.0,0
4,17,21,3,2,0.0,2
5,20,21,5,2,0.2222222222222159,3
6,1,21,9,3,58.80000000000002,3
7,7,21,4,4,0.0,3
8,15,21,6,1,4.0,0
9,11,21,9,7,0.25,0
10,3,21,6,6,0.0,2
11,9,21,6,2,1.375,0
12,8,21,4,3,0.0,3
13,13,21,5,2,0.22222222222222537,0
14,4,21,4,2,4.0,3
15,18,21,8,3,0.5555555555555587,1
16,16,21,9,6,0.25,3
17,10,21,4,3,0.0,2
18,19,21,7,1,39.75,3
19,14,21,7,7,0.0,0
20,6,21,9,8,0.0,0
