,idx,ex_num,bar_num,g_num,RE,true
1,12,33,7,5,0.25,3
2,1,33,8,2,220.75,2
3,2,33,4,3,0.0,0
4,7,33,5,2,2.2222222222222205,0
5,4,33,3,3,0.0,3
6,5,33,5,5,0.0,2
7,18,33,10,8,0.0,2
8,20,33,3,3,0.0,1
9,13,33,5,5,0.0,2
10,10,33,10,8,0.0,2
11,15,33,6,6,0.0,2
12,3,33,4,3,0.0,3
13,14,33,6,5,0.0,0
14,17,33,4,3,0.0,1
15,11,33,3,2,0.0,0
16,16,33,10,3,1.7777777777777781,0
17,9,33,3,1,20.25,1
18,8,33,7,4,0.0,1
19,6,33,7,6,0.0,0
20,19,33,7,6,0.0,0
