,idx,ex_num,bar_num,g_num,RE,true
1,18,27,9,7,0.0,0
2,11,27,7,6,0.0,2
3,8,27,5,5,0.0,1
4,1,27,4,1,2156.555555555556,3
5,4,27,10,3,66.52777777777781,1
6,13,27,3,1,25.0,2
7,15,27,5,4,0.0,0
8,20,27,3,1,2.25,2
9,17,27,9,1,117.6875,0
10,12,27,10,1,328.7407407407409,2
11,14,27,4,1,2.888888888888894,1
12,6,27,8,8,0.0,0
13,19,27,3,3,0.0,3
14,5,27,8,5,0.555555555555554,2
15,2,27,3,2,0.0,1
16,3,27,3,3,0.0,3
17,7,27,8,5,0.0,2
18,10,27,4,1,1.0,0
19,9,27,4,4,0.0,1
20,16,27,5,2,12.25,1
