,idx,ex_num,bar_num,g_num,RE,true
1,20,8,6,4,0,0
2,15,8,3,3,0,2
3,18,8,6,4,0,0
4,17,8,4,1,20.555555555555614,3
5,10,8,9,3,0.4,1
6,14,8,8,2,1.2000000000000015,1
7,6,8,8,6,0.25,3
8,16,8,3,3,0,2
9,11,8,6,4,0.25,0
10,9,8,3,2,0,3
11,4,8,10,7,0.0,3
12,3,8,5,1,0.059999999999999575,1
13,2,8,7,2,26.800000000000004,2
14,1,8,10,3,53.75,2
15,19,8,5,1,5.5,1
16,7,8,7,5,0,0
17,5,8,3,2,0,1
18,13,8,9,1,283.4375,2
19,12,8,10,9,0,2
20,8,8,6,4,0.0,3
