,idx,ex_num,bar_num,g_num,RE,true
1,20,13,5,1,10.5,2
2,7,13,7,5,0.0,0
3,16,13,7,7,0.0,0
4,17,13,5,1,33.0,2
5,1,13,7,5,0.0,1
6,19,13,7,2,5.5,1
7,18,13,9,8,0.0,0
8,15,13,9,4,0.875,0
9,2,13,9,9,0.0,2
10,13,13,5,3,0.0,2
11,3,13,4,3,0.0,3
12,12,13,10,6,0.22222222222222182,0
13,11,13,9,7,0.25,1
14,4,13,10,3,66.52777777777781,0
15,14,13,6,2,0.5555555555555564,0
16,5,13,6,3,0.555555555555554,2
17,8,13,7,7,0.0,3
18,6,13,5,1,73.875,2
19,10,13,6,3,0.25,0
20,9,13,3,2,0.0,0
