,idx,ex_num,bar_num,g_num,RE,true
1,3,12,6,1,0.22799999999999865,1
2,10,12,5,1,2.375,2
3,15,12,8,6,0.0,2
4,19,12,9,7,0.25,2
5,2,12,7,7,0.0,1
6,11,12,4,3,0.0,3
7,13,12,10,1,332.51851851851853,0
8,14,12,6,4,0.0,3
9,4,12,8,4,5.0,1
10,18,12,6,2,2.222222222222216,2
11,20,12,6,6,0.0,3
12,8,12,6,1,196.40000000000006,1
13,6,12,10,1,730.962962962963,3
14,1,12,9,5,0.0,1
15,7,12,9,5,1.0,2
16,5,12,5,5,0.0,1
17,12,12,5,4,0.0,2
18,17,12,5,2,0.25,2
19,9,12,6,5,0.0,3
20,16,12,7,7,0.0,2
