,idx,ex_num,bar_num,g_num,RE,true
1,10,99,8,7,0,1
2,1,99,4,4,0,2
3,14,99,10,4,0.5,3
4,17,99,7,5,0,3
5,16,99,10,4,1.7777777777777781,0
6,15,99,9,3,0.875,3
7,11,99,6,2,2.5,2
8,12,99,8,3,8.0,0
9,9,99,3,2,0,3
10,18,99,5,2,2.222222222222216,0
11,5,99,3,1,2.25,0
12,2,99,10,10,0,0
13,19,99,7,5,0,0
14,3,99,9,8,0,2
15,4,99,6,4,0,3
16,8,99,8,6,0,3
17,6,99,10,8,0,1
18,7,99,9,6,0,1
19,20,99,8,4,0.25,3
20,13,99,5,1,95.375,3
