,idx,ex_num,bar_num,g_num,RE,true
1,7,62,3,2,0,1
2,16,62,4,2,0,2
3,4,62,6,6,0,2
4,17,62,8,3,0.2222222222222159,1
5,2,62,3,3,0,0
6,13,62,8,3,1.1388888888888826,1
7,14,62,5,1,8.375,0
8,1,62,10,3,53.75,0
9,10,62,10,10,0,3
10,12,62,10,1,328.7407407407409,2
11,9,62,5,2,2.0,3
12,18,62,8,6,0.0,3
13,20,62,7,3,0.5,1
14,11,62,3,3,0,2
15,5,62,8,3,0.5,1
16,15,62,7,7,0,2
17,8,62,5,2,2.2222222222222205,0
18,3,62,7,3,0.009999999999999573,2
19,6,62,10,5,2.0,2
20,19,62,3,2,0,2
