,idx,ex_num,bar_num,g_num,RE,true
1,16,70,7,4,0.0,3
2,1,70,5,4,0.0,3
3,13,70,8,5,0.0,0
4,17,70,3,1,20.25,2
5,14,70,5,1,8.375,2
6,9,70,4,3,0.0,0
7,8,70,6,3,0.0,0
8,7,70,3,1,56.25,1
9,20,70,7,5,0.0,2
10,19,70,9,4,0.5555555555555587,1
11,12,70,6,1,66.20000000000002,3
12,11,70,5,4,0.0,3
13,3,70,7,3,0.009999999999999573,3
14,2,70,8,8,0.0,1
15,6,70,3,2,0.0,3
16,5,70,6,1,16.599999999999955,1
17,18,70,5,2,2.222222222222216,2
18,15,70,6,2,0.5555555555555564,2
19,10,70,4,1,1.0,1
20,4,70,8,6,0.0,1
