,idx,ex_num,bar_num,g_num,RE,true
1,1,55,3,3,0,2
2,15,55,7,1,8.194444444444441,2
3,11,55,7,2,2.799999999999998,1
4,14,55,10,4,0.625,0
5,17,55,5,1,33.0,1
6,13,55,5,5,0,1
7,4,55,9,9,0,3
8,19,55,3,2,0,1
9,9,55,7,3,2.0,1
10,8,55,6,6,0,3
11,6,55,9,9,0,0
12,2,55,3,2,0,1
13,18,55,10,2,2.8222222222222157,1
14,16,55,6,5,0,2
15,12,55,9,4,0.5,1
16,20,55,8,1,20.14285714285713,3
17,10,55,7,2,2.0,3
18,5,55,4,4,0,3
19,7,55,10,9,0,3
20,3,55,4,3,0,3
