,idx,ex_num,bar_num,g_num,RE,true
1,12,24,10,5,0.4722222222222218,3
2,16,24,10,7,0.0,3
3,10,24,7,2,2.0,2
4,9,24,9,3,4.222222222222225,2
5,8,24,7,5,0.0,0
6,17,24,8,3,0.2222222222222159,2
7,15,24,3,1,2.25,0
8,1,24,6,3,12.25,1
9,5,24,8,4,0.555555555555554,0
10,14,24,10,8,0.0,1
11,2,24,6,4,0.0,2
12,20,24,4,4,0.0,3
13,11,24,7,6,0.0,0
14,3,24,3,3,0.0,1
15,4,24,4,2,4.0,2
16,18,24,6,3,0.0,1
17,7,24,4,4,0.0,1
18,6,24,7,6,0.0,0
19,19,24,6,4,0.0,2
20,13,24,3,1,25.0,0
